{
	"box-shadow": [
      "box-shadow-m",
	  "box-shadow-l",
	  "box-shadow-xl"
	],
	"btn": [
	  "btn-border-size",
	  "btn-letter-spacing",
	  "btn-line-height",
	  "btn-pad-x",
	  "btn-pad-y",
	  "btn-radius",
	  "btn-text-decoration",
	  "btn-text-style",
	  "btn-text-transform",
	  "btn-weight",
	  "btn-width",
	  "outline-btn-border-size"
	],
	"gap": [
	  "container-gap",
	  "content-gap",
      "grid-gap"
	],
	"grid": [
	  "grid-1",
      "grid-1-2",
      "grid-1-3",
      "grid-auto-1-2",
	  "grid-auto-1-3",
	  "grid-2",
      "grid-2-1",
      "grid-2-3",
      "grid-auto-2",
	  "grid-auto-2-1",
	  "grid-auto-2-3",
      "grid-3",
	  "grid-3-1",
	  "grid-3-2",
      "grid-auto-3",
	  "grid-auto-3-1",
	  "grid-auto-3-2",
	  "grid-4",
      "grid-auto-4",
	  "grid-5",
      "grid-auto-5",
	  "grid-6",
      "grid-auto-6",
	  "grid-7",
	  "grid-8",
	  "grid-9",
      "grid-10",
	  "grid-11",
	  "grid-12"
	],
	"header": [
	  "header-height",
      "header-height-s",
      "header-height-m",
      "header-height-l"
	],
	"heading": [
      "h1",
      "h2",
      "h3",
      "h4",
      "h5",
      "h6",
      "h1-length",
      "h2-length",
      "h3-length",
      "h4-length",
      "h5-length",
      "h6-length",
      "h1-lh",
      "h2-lh",
      "h3-lh",
      "h4-lh",
      "h5-lh",
      "h6-lh"
	],
	"offset": [
      "offset",
	  "offset-s",
      "offset-m",
      "offset-l"
	],
    "radius": [
      "radius-xs",
      "radius-s",
      "radius-m",
      "radius-l",
      "radius-xl",
      "radius-xxl",
      "radius-50"
    ],
    "ribbon": [
      "ribbon-offset",
      "ribbon-padding",
      "ribbon-shadow",
      "ribbon-text-size",
      "ribbon-width"
    ],
    "section": [
      "section-space-xs",
      "section-space-s",
      "section-space-m",
      "section-space-l",
      "section-space-xl",
      "section-space-xxl",
      "section-padding-x"
    ],
    "space": [
      "space-xs",
      "space-s",
      "space-m",
      "space-l",
      "space-xl",
      "space-xxl",
      "paragraph-spacing",
      "heading-spacing"
    ],
    "text": [
      "text-xs",
      "text-s",
      "text-m",
      "text-l",
      "text-xl",
      "text-xxl",
      "text-xs-length",
      "text-s-length",
      "text-m-length",
      "text-l-length",
      "text-xl-length",
      "text-xxl-length"
    ],
    "width": [
      "width-xs",
      "width-s",
      "width-m",
      "width-l",
      "width-xl",
      "width-xxl"
    ]
  }